,score,elapsedTime,nEst,crit,maxFeat,boots,oobScore,warmStart
0,0.8607172643869891,12.142,80,entropy,sqrt,False,-1,False
1,0.8607172643869891,12.1439,80,entropy,sqrt,False,-1,True
2,0.8607172643869891,12.1529,80,entropy,sqrt,False,-1,False
3,0.8607172643869891,12.3296,80,entropy,auto,False,-1,False
4,0.8607172643869891,12.3833,80,entropy,sqrt,False,-1,True
5,0.8607172643869891,12.5957,80,entropy,auto,False,-1,True
6,0.8607172643869891,12.9439,80,entropy,auto,False,-1,True
7,0.8607172643869891,13.008,80,entropy,auto,False,-1,False
8,0.859883236030025,8.2309,60,entropy,sqrt,False,-1,True
9,0.859883236030025,8.2343,60,entropy,sqrt,False,-1,False
10,0.859883236030025,8.2625,60,entropy,auto,False,-1,False
11,0.859883236030025,8.2671,60,entropy,auto,False,-1,True
12,0.859883236030025,8.3446,60,entropy,sqrt,False,-1,True
13,0.859883236030025,8.3716,60,entropy,auto,False,-1,True
14,0.859883236030025,8.4076,60,entropy,auto,False,-1,False
15,0.859883236030025,8.4433,60,entropy,sqrt,False,-1,False
16,0.859883236030025,9.6253,70,entropy,sqrt,False,-1,False
17,0.859883236030025,9.6472,70,entropy,sqrt,False,-1,True
18,0.859883236030025,9.6721,70,entropy,sqrt,False,-1,True
19,0.859883236030025,9.6907,70,entropy,auto,False,-1,False
20,0.859883236030025,9.6962,70,entropy,auto,False,-1,True
21,0.859883236030025,9.7,70,entropy,auto,False,-1,False
22,0.859883236030025,9.7102,70,entropy,sqrt,False,-1,False
23,0.859883236030025,9.9424,70,entropy,auto,False,-1,True
24,0.8590492076730609,11.7256,90,entropy,sqrt,False,-1,True
25,0.8590492076730609,11.754,90,entropy,sqrt,False,-1,False
26,0.8590492076730609,11.7621,90,entropy,auto,False,-1,False
27,0.8590492076730609,11.8006,90,entropy,auto,False,-1,True
28,0.8590492076730609,11.8116,90,entropy,sqrt,False,-1,True
29,0.8590492076730609,11.8361,90,entropy,sqrt,False,-1,False
30,0.8590492076730609,11.8441,90,entropy,auto,False,-1,True
31,0.8590492076730609,12.1321,90,entropy,auto,False,-1,False
462,0.8590492076730609,13.186,100,entropy,sqrt,False,-1,True
455,0.8590492076730609,13.3443,100,entropy,auto,False,-1,False
463,0.8590492076730609,13.6193,100,entropy,sqrt,False,-1,False
461,0.8590492076730609,13.6765,100,entropy,sqrt,False,-1,False
453,0.8590492076730609,13.7121,100,entropy,auto,False,-1,False
454,0.8590492076730609,13.7171,100,entropy,auto,False,-1,True
460,0.8590492076730609,14.085,100,entropy,sqrt,False,-1,True
452,0.8590492076730609,15.3925,100,entropy,auto,False,-1,True
32,0.8565471226021685,4.6795,50,gini,auto,False,-1,False
33,0.8565471226021685,4.7023,50,gini,auto,False,-1,True
34,0.8565471226021685,4.7065,50,gini,sqrt,False,-1,True
35,0.8565471226021685,4.7104,50,gini,auto,False,-1,False
36,0.8565471226021685,4.7568,50,gini,sqrt,False,-1,False
37,0.8565471226021685,4.7652,50,gini,auto,False,-1,True
38,0.8565471226021685,4.8519,50,gini,sqrt,False,-1,True
39,0.8565471226021685,4.9977,50,gini,sqrt,False,-1,False
40,0.8565471226021685,6.5147,70,gini,auto,False,-1,True
41,0.8565471226021685,6.5176,70,gini,auto,False,-1,False
42,0.8565471226021685,6.5954,70,gini,sqrt,False,-1,False
43,0.8565471226021685,6.8822,70,gini,sqrt,False,-1,True
44,0.8565471226021685,6.9075,70,gini,sqrt,False,-1,True
45,0.8565471226021685,6.9702,70,gini,auto,False,-1,True
46,0.8565471226021685,7.2526,70,gini,auto,False,-1,False
47,0.8565471226021685,7.2946,70,gini,sqrt,False,-1,False
48,0.8557130942452044,6.9385,50,entropy,sqrt,False,-1,True
49,0.8557130942452044,6.9394,50,entropy,sqrt,False,-1,False
50,0.8557130942452044,6.9631,50,entropy,auto,False,-1,True
51,0.8557130942452044,6.9753,50,entropy,auto,False,-1,False
52,0.8557130942452044,6.9833,50,entropy,sqrt,False,-1,False
53,0.8557130942452044,7.0044,50,entropy,auto,False,-1,False
54,0.8557130942452044,7.0063,50,entropy,auto,False,-1,True
55,0.8557130942452044,7.0641,50,entropy,sqrt,False,-1,True
56,0.8557130942452044,7.4519,80,gini,sqrt,False,-1,False
57,0.8557130942452044,7.5461,80,gini,sqrt,False,-1,False
58,0.8557130942452044,7.5565,80,gini,sqrt,False,-1,True
59,0.8557130942452044,7.678,80,gini,auto,False,-1,False
60,0.8557130942452044,7.8118,80,gini,sqrt,False,-1,True
61,0.8557130942452044,7.9194,80,gini,auto,False,-1,True
62,0.8557130942452044,7.9322,80,gini,auto,False,-1,False
63,0.8557130942452044,8.1547,80,gini,auto,False,-1,True
411,0.854045037531276,5.4702,100,gini,auto,True,False,False
419,0.854045037531276,5.9683,100,gini,sqrt,True,False,False
418,0.854045037531276,5.9957,100,gini,sqrt,True,False,True
410,0.854045037531276,6.049,100,gini,auto,True,False,True
417,0.854045037531276,6.0988,100,gini,sqrt,True,True,False
416,0.854045037531276,6.1625,100,gini,sqrt,True,True,True
408,0.854045037531276,6.395,100,gini,auto,True,True,True
409,0.854045037531276,6.5164,100,gini,auto,True,True,False
64,0.854045037531276,8.31,90,gini,auto,False,-1,True
65,0.854045037531276,8.4337,90,gini,auto,False,-1,False
66,0.854045037531276,8.4535,90,gini,sqrt,False,-1,True
67,0.854045037531276,8.623,90,gini,sqrt,False,-1,False
68,0.854045037531276,8.6785,90,gini,sqrt,False,-1,True
69,0.854045037531276,8.7468,90,gini,auto,False,-1,True
70,0.854045037531276,8.7516,90,gini,auto,False,-1,False
71,0.854045037531276,8.7931,90,gini,sqrt,False,-1,False
412,0.8515429524603837,9.3161,100,gini,auto,False,-1,True
422,0.8515429524603837,9.3424,100,gini,sqrt,False,-1,True
421,0.8515429524603837,9.346,100,gini,sqrt,False,-1,False
415,0.8515429524603837,9.4549,100,gini,auto,False,-1,False
420,0.8515429524603837,9.5004,100,gini,sqrt,False,-1,True
414,0.8515429524603837,9.5591,100,gini,auto,False,-1,True
413,0.8515429524603837,9.9801,100,gini,auto,False,-1,False
423,0.8515429524603837,10.1532,100,gini,sqrt,False,-1,False
72,0.8507089241034195,5.5801,60,gini,sqrt,False,-1,False
73,0.8507089241034195,5.606,60,gini,auto,False,-1,False
74,0.8507089241034195,5.6428,60,gini,sqrt,False,-1,False
75,0.8507089241034195,5.6519,60,gini,sqrt,False,-1,True
76,0.8507089241034195,5.6549,60,gini,sqrt,False,-1,True
77,0.8507089241034195,5.6694,60,gini,auto,False,-1,True
78,0.8507089241034195,5.686,60,gini,auto,False,-1,False
79,0.8507089241034195,6.0079,60,gini,auto,False,-1,True
80,0.8498748957464554,5.0967,90,gini,sqrt,True,False,False
81,0.8498748957464554,5.1461,90,gini,sqrt,True,False,True
82,0.8498748957464554,5.1618,90,gini,auto,True,False,False
83,0.8498748957464554,5.2173,90,gini,auto,True,False,True
84,0.8498748957464554,5.3906,90,gini,sqrt,True,True,False
85,0.8498748957464554,5.4374,90,gini,auto,True,True,False
86,0.8498748957464554,5.4703,90,gini,sqrt,True,True,True
87,0.8498748957464554,5.5296,90,gini,auto,True,True,True
88,0.8490408673894912,2.8893,50,gini,auto,True,False,True
89,0.8490408673894912,2.9082,50,gini,sqrt,True,False,True
90,0.8490408673894912,2.9089,50,gini,auto,True,False,False
91,0.8490408673894912,2.9352,50,gini,sqrt,True,False,False
92,0.8490408673894912,3.0683,50,gini,sqrt,True,True,False
93,0.8490408673894912,3.0698,50,gini,sqrt,True,True,True
94,0.8490408673894912,3.1007,50,gini,auto,True,True,True
95,0.8490408673894912,3.1327,50,gini,auto,True,True,False
96,0.8482068390325271,148.9278,70,entropy,,True,False,True
97,0.8482068390325271,149.2547,70,entropy,,True,False,False
98,0.8482068390325271,149.4354,70,entropy,,True,True,False
99,0.8482068390325271,151.2814,70,entropy,,True,True,True
466,0.8473728106755629,3.2559,100,entropy,log2,True,False,True
467,0.8473728106755629,3.3347,100,entropy,log2,True,False,False
464,0.8473728106755629,3.5884,100,entropy,log2,True,True,True
465,0.8473728106755629,3.759,100,entropy,log2,True,True,False
100,0.8473728106755629,4.4439,90,entropy,log2,False,-1,False
101,0.8473728106755629,4.4662,90,entropy,log2,False,-1,True
102,0.8473728106755629,4.5077,90,entropy,log2,False,-1,False
103,0.8473728106755629,4.5435,90,entropy,log2,False,-1,True
104,0.8473728106755629,4.7632,80,gini,auto,True,False,False
105,0.8473728106755629,4.8329,80,gini,auto,True,False,True
106,0.8473728106755629,4.8708,80,gini,sqrt,True,False,False
107,0.8473728106755629,4.9001,80,gini,sqrt,True,False,True
108,0.8473728106755629,4.9464,80,gini,auto,True,True,True
109,0.8473728106755629,5.0159,80,gini,sqrt,True,True,True
110,0.8473728106755629,5.0188,80,gini,auto,True,True,False
111,0.8473728106755629,5.1394,80,gini,sqrt,True,True,False
112,0.8465387823185988,53.9091,70,gini,0.5,True,True,False
113,0.8465387823185988,54.0884,70,gini,0.5,True,True,True
114,0.8465387823185988,54.1258,70,gini,0.5,True,False,True
115,0.8465387823185988,54.2582,70,gini,0.5,True,False,False
400,0.8465387823185988,76.7331,100,gini,0.5,True,True,True
402,0.8465387823185988,76.7748,100,gini,0.5,True,False,True
401,0.8465387823185988,77.2315,100,gini,0.5,True,True,False
403,0.8465387823185988,79.4033,100,gini,0.5,True,False,False
116,0.8457047539616347,2.9566,90,entropy,log2,True,False,False
117,0.8457047539616347,3.01,90,entropy,log2,True,False,True
118,0.8457047539616347,3.2649,90,entropy,log2,True,True,True
119,0.8457047539616347,3.2764,90,entropy,log2,True,True,False
120,0.8457047539616347,4.6845,80,entropy,log2,False,-1,True
121,0.8457047539616347,4.6974,80,entropy,log2,False,-1,False
122,0.8457047539616347,4.7932,80,entropy,log2,False,-1,True
123,0.8457047539616347,4.8046,80,entropy,log2,False,-1,False
470,0.8457047539616347,4.8873,100,entropy,log2,False,-1,True
469,0.8457047539616347,4.9972,100,entropy,log2,False,-1,False
471,0.8457047539616347,5.0355,100,entropy,log2,False,-1,False
468,0.8457047539616347,5.0801,100,entropy,log2,False,-1,True
124,0.8457047539616347,7.6784,90,entropy,sqrt,True,False,True
125,0.8457047539616347,7.7004,90,entropy,sqrt,True,False,False
126,0.8457047539616347,7.7019,90,entropy,auto,True,False,True
127,0.8457047539616347,7.7299,90,entropy,auto,True,False,False
128,0.8457047539616347,7.9433,90,entropy,auto,True,True,False
129,0.8457047539616347,7.9478,90,entropy,auto,True,True,True
130,0.8457047539616347,7.999,90,entropy,sqrt,True,True,False
131,0.8457047539616347,8.2201,90,entropy,sqrt,True,True,True
132,0.8457047539616347,46.8721,60,gini,0.5,True,False,False
133,0.8457047539616347,47.1184,60,gini,0.5,True,False,True
134,0.8457047539616347,47.3171,60,gini,0.5,True,True,False
135,0.8457047539616347,47.3196,60,gini,0.5,True,True,True
136,0.8457047539616347,173.1323,80,entropy,,True,False,True
137,0.8457047539616347,175.6749,80,entropy,,True,False,False
138,0.8457047539616347,190.6202,80,entropy,,True,True,True
139,0.8457047539616347,191.9797,80,entropy,,True,True,False
140,0.8448707256046706,2.6017,80,gini,log2,False,-1,False
141,0.8448707256046706,2.6199,80,gini,log2,False,-1,True
142,0.8448707256046706,2.6481,80,gini,log2,False,-1,False
143,0.8448707256046706,2.6652,80,gini,log2,False,-1,True
144,0.8448707256046706,3.4767,60,gini,sqrt,True,False,False
145,0.8448707256046706,3.4917,60,gini,auto,True,False,False
146,0.8448707256046706,3.5189,60,gini,auto,True,False,True
147,0.8448707256046706,3.5455,60,gini,sqrt,True,False,True
148,0.8448707256046706,3.7403,60,gini,auto,True,True,True
149,0.8448707256046706,3.749,60,gini,sqrt,True,True,True
150,0.8448707256046706,3.7593,60,gini,auto,True,True,False
151,0.8448707256046706,4.0013,60,gini,sqrt,True,True,False
152,0.8448707256046706,4.0561,70,gini,auto,True,False,False
153,0.8448707256046706,4.0661,70,gini,auto,True,False,True
154,0.8448707256046706,4.2593,70,gini,auto,True,True,True
155,0.8448707256046706,4.2931,70,gini,sqrt,True,False,True
156,0.8448707256046706,4.3254,70,gini,auto,True,True,False
157,0.8448707256046706,4.3731,70,gini,sqrt,True,False,False
158,0.8448707256046706,4.5509,70,gini,sqrt,True,True,True
159,0.8448707256046706,4.5714,70,gini,sqrt,True,True,False
160,0.8448707256046706,7.7877,80,entropy,sqrt,True,False,True
161,0.8448707256046706,7.9787,80,entropy,auto,True,False,True
162,0.8448707256046706,8.2798,80,entropy,auto,True,False,False
163,0.8448707256046706,8.3809,80,entropy,auto,True,True,True
164,0.8448707256046706,8.4397,80,entropy,sqrt,True,False,False
165,0.8448707256046706,8.4877,80,entropy,sqrt,True,True,False
166,0.8448707256046706,8.5963,80,entropy,sqrt,True,True,True
167,0.8448707256046706,9.158,80,entropy,auto,True,True,False
168,0.8448707256046706,66.8224,90,gini,0.5,True,False,False
169,0.8448707256046706,67.6102,90,gini,0.5,True,True,False
170,0.8448707256046706,68.2714,90,gini,0.5,True,False,True
171,0.8448707256046706,70.3057,90,gini,0.5,True,True,True
442,0.8440366972477065,109.4651,100,entropy,0.5,True,False,True
441,0.8440366972477065,109.7154,100,entropy,0.5,True,True,False
443,0.8440366972477065,110.2056,100,entropy,0.5,True,False,False
440,0.8440366972477065,111.792,100,entropy,0.5,True,True,True
172,0.8432026688907422,2.0467,60,gini,log2,False,-1,False
173,0.8432026688907422,2.0665,60,gini,log2,False,-1,False
174,0.8432026688907422,2.0825,60,gini,log2,False,-1,True
175,0.8432026688907422,2.1156,60,gini,log2,False,-1,True
176,0.8432026688907422,2.9344,80,entropy,log2,True,False,False
177,0.8432026688907422,3.1008,80,entropy,log2,True,False,True
178,0.8432026688907422,3.3417,80,entropy,log2,True,True,True
179,0.8432026688907422,3.4212,80,entropy,log2,True,True,False
180,0.8432026688907422,4.5,50,entropy,sqrt,True,False,False
181,0.8432026688907422,4.5419,50,entropy,sqrt,True,False,True
182,0.8432026688907422,4.5927,50,entropy,auto,True,False,True
183,0.8432026688907422,4.6397,50,entropy,auto,True,False,False
184,0.8432026688907422,4.7333,50,entropy,sqrt,True,True,False
185,0.8432026688907422,4.7915,50,entropy,auto,True,True,True
186,0.8432026688907422,4.7933,50,entropy,auto,True,True,False
187,0.8432026688907422,4.8071,50,entropy,sqrt,True,True,True
188,0.8432026688907422,86.3373,80,entropy,0.5,True,True,False
189,0.8432026688907422,87.1322,80,entropy,0.5,True,True,True
190,0.8432026688907422,90.0049,80,entropy,0.5,True,False,False
191,0.8432026688907422,91.256,80,entropy,0.5,True,False,True
192,0.8432026688907422,93.766,90,entropy,0.5,True,False,True
193,0.8432026688907422,93.8655,90,entropy,0.5,True,True,True
194,0.8432026688907422,94.0009,90,entropy,0.5,True,False,False
195,0.8432026688907422,96.3002,90,entropy,0.5,True,True,False
196,0.8432026688907422,135.7946,80,entropy,0.5,False,-1,True
197,0.8432026688907422,145.4749,80,entropy,0.5,False,-1,False
198,0.8432026688907422,151.1765,80,entropy,0.5,False,-1,True
199,0.8432026688907422,151.1954,80,entropy,0.5,False,-1,False
200,0.8423686405337781,2.4444,70,entropy,log2,True,False,False
201,0.8423686405337781,2.4834,70,entropy,log2,True,False,True
202,0.8423686405337781,2.7048,70,entropy,log2,True,True,True
203,0.8423686405337781,2.7097,70,entropy,log2,True,True,False
204,0.8423686405337781,5.4416,60,entropy,sqrt,True,False,True
205,0.8423686405337781,5.4933,60,entropy,auto,True,False,False
206,0.8423686405337781,5.5042,60,entropy,sqrt,True,False,False
207,0.8423686405337781,5.575,60,entropy,auto,True,True,False
208,0.8423686405337781,5.604,60,entropy,auto,True,False,True
209,0.8423686405337781,5.6046,60,entropy,auto,True,True,True
210,0.8423686405337781,5.6782,60,entropy,sqrt,True,True,False
211,0.8423686405337781,5.724,60,entropy,sqrt,True,True,True
212,0.8423686405337781,67.3071,80,gini,0.5,True,False,True
213,0.8423686405337781,67.4101,80,gini,0.5,True,True,True
214,0.8423686405337781,67.5209,80,gini,0.5,True,False,False
215,0.8423686405337781,68.5896,80,gini,0.5,True,True,False
216,0.8423686405337781,85.5468,50,entropy,0.5,False,-1,True
217,0.8423686405337781,85.5841,50,entropy,0.5,False,-1,False
218,0.8423686405337781,86.0073,50,entropy,0.5,False,-1,True
219,0.8423686405337781,86.9188,50,entropy,0.5,False,-1,False
220,0.8423686405337781,128.1143,60,entropy,,True,False,True
221,0.8423686405337781,128.6782,60,entropy,,True,True,False
222,0.8423686405337781,128.7688,60,entropy,,True,False,False
223,0.8423686405337781,128.9089,60,entropy,,True,True,True
224,0.8423686405337781,144.6127,90,entropy,0.5,False,-1,False
225,0.8423686405337781,145.0649,90,entropy,0.5,False,-1,True
226,0.8423686405337781,145.8997,90,entropy,0.5,False,-1,True
227,0.8423686405337781,146.1694,90,entropy,0.5,False,-1,False
445,0.8423686405337781,166.57,100,entropy,0.5,False,-1,False
446,0.8423686405337781,172.3779,100,entropy,0.5,False,-1,True
444,0.8423686405337781,173.329,100,entropy,0.5,False,-1,True
447,0.8423686405337781,173.3524,100,entropy,0.5,False,-1,False
228,0.841534612176814,1.711,50,gini,log2,False,-1,False
229,0.841534612176814,1.7127,50,gini,log2,False,-1,False
230,0.841534612176814,1.7314,50,gini,log2,False,-1,True
231,0.841534612176814,1.7762,50,entropy,log2,True,False,False
232,0.841534612176814,1.7782,50,gini,log2,False,-1,True
233,0.841534612176814,1.8611,50,entropy,log2,True,False,True
234,0.841534612176814,1.9239,50,entropy,log2,True,True,True
235,0.841534612176814,2.0615,50,entropy,log2,True,True,False
431,0.841534612176814,3.3061,100,gini,log2,False,-1,False
429,0.841534612176814,3.3201,100,gini,log2,False,-1,False
430,0.841534612176814,3.3246,100,gini,log2,False,-1,True
428,0.841534612176814,3.4582,100,gini,log2,False,-1,True
236,0.841534612176814,3.6445,70,entropy,log2,False,-1,False
237,0.841534612176814,3.6726,70,entropy,log2,False,-1,True
238,0.841534612176814,3.6835,70,entropy,log2,False,-1,True
239,0.841534612176814,3.6911,70,entropy,log2,False,-1,False
240,0.841534612176814,6.3517,70,entropy,auto,True,False,True
241,0.841534612176814,6.3677,70,entropy,auto,True,False,False
242,0.841534612176814,6.3769,70,entropy,sqrt,True,False,True
243,0.841534612176814,6.4208,70,entropy,sqrt,True,False,False
244,0.841534612176814,6.5402,70,entropy,sqrt,True,True,False
245,0.841534612176814,6.5439,70,entropy,sqrt,True,True,True
246,0.841534612176814,6.7095,70,entropy,auto,True,True,True
247,0.841534612176814,6.7516,70,entropy,auto,True,True,False
459,0.841534612176814,8.8004,100,entropy,sqrt,True,False,False
458,0.841534612176814,8.9143,100,entropy,sqrt,True,False,True
457,0.841534612176814,8.9554,100,entropy,sqrt,True,True,False
456,0.841534612176814,9.0024,100,entropy,sqrt,True,True,True
448,0.841534612176814,9.453,100,entropy,auto,True,True,True
449,0.841534612176814,9.53,100,entropy,auto,True,True,False
451,0.841534612176814,10.0895,100,entropy,auto,True,False,False
450,0.841534612176814,11.2131,100,entropy,auto,True,False,True
248,0.841534612176814,118.52,70,entropy,0.5,False,-1,True
249,0.841534612176814,118.8898,70,entropy,0.5,False,-1,False
250,0.841534612176814,118.9104,70,entropy,0.5,False,-1,False
251,0.841534612176814,119.0017,70,entropy,0.5,False,-1,True
252,0.841534612176814,182.5095,90,entropy,,True,True,True
253,0.841534612176814,182.7597,90,entropy,,True,False,False
254,0.841534612176814,184.1589,90,entropy,,True,True,False
255,0.841534612176814,184.9714,90,entropy,,True,False,True
256,0.8407005838198499,2.0954,60,entropy,log2,True,False,True
257,0.8407005838198499,2.1218,60,entropy,log2,True,False,False
258,0.8407005838198499,2.2916,60,entropy,log2,True,True,True
259,0.8407005838198499,2.3019,60,entropy,log2,True,True,False
260,0.8407005838198499,3.017,90,gini,log2,False,-1,False
261,0.8407005838198499,3.0246,90,gini,log2,False,-1,False
262,0.8407005838198499,3.0452,90,gini,log2,False,-1,True
263,0.8407005838198499,3.0676,90,gini,log2,False,-1,True
264,0.8407005838198499,3.1236,60,entropy,log2,False,-1,True
265,0.8407005838198499,3.1606,60,entropy,log2,False,-1,False
266,0.8407005838198499,3.1876,60,entropy,log2,False,-1,True
267,0.8407005838198499,3.2161,60,entropy,log2,False,-1,False
268,0.8407005838198499,41.3456,50,gini,0.5,True,False,False
269,0.8407005838198499,42.0777,50,gini,0.5,True,False,True
270,0.8407005838198499,42.5979,50,gini,0.5,True,True,False
271,0.8407005838198499,42.8513,50,gini,0.5,True,True,True
272,0.8407005838198499,76.2969,70,entropy,0.5,True,True,False
273,0.8407005838198499,76.4737,70,entropy,0.5,True,False,False
274,0.8407005838198499,76.7581,70,entropy,0.5,True,True,True
275,0.8407005838198499,77.3854,70,entropy,0.5,True,False,True
427,0.8398665554628857,2.1789,100,gini,log2,True,False,False
426,0.8398665554628857,2.2857,100,gini,log2,True,False,True
424,0.8398665554628857,2.6245,100,gini,log2,True,True,True
276,0.8398665554628857,2.6439,50,entropy,log2,False,-1,False
277,0.8398665554628857,2.6898,50,entropy,log2,False,-1,False
278,0.8398665554628857,2.7127,50,entropy,log2,False,-1,True
279,0.8398665554628857,2.7337,50,entropy,log2,False,-1,True
425,0.8398665554628857,2.9488,100,gini,log2,True,True,False
280,0.8398665554628857,107.111,50,entropy,,True,True,False
281,0.8398665554628857,107.4812,50,entropy,,True,False,True
282,0.8398665554628857,107.9839,50,entropy,,True,False,False
283,0.8398665554628857,108.3134,50,entropy,,True,True,True
472,0.8398665554628857,213.8233,100,entropy,,True,True,True
475,0.8398665554628857,215.1729,100,entropy,,True,False,False
474,0.8398665554628857,217.6219,100,entropy,,True,False,True
473,0.8398665554628857,224.6334,100,entropy,,True,True,False
284,0.8390325271059216,1.9952,90,gini,log2,True,False,True
285,0.8390325271059216,1.9961,90,gini,log2,True,False,False
286,0.8390325271059216,2.3674,90,gini,log2,True,True,False
287,0.8390325271059216,2.487,90,gini,log2,True,True,True
288,0.8390325271059216,100.7872,60,entropy,0.5,False,-1,False
289,0.8390325271059216,101.2668,60,entropy,0.5,False,-1,True
290,0.8390325271059216,102.0129,60,entropy,0.5,False,-1,False
291,0.8390325271059216,102.3072,60,entropy,0.5,False,-1,True
292,0.8390325271059216,108.5594,80,gini,0.5,False,-1,False
293,0.8390325271059216,109.1654,80,gini,0.5,False,-1,True
294,0.8390325271059216,109.613,80,gini,0.5,False,-1,True
295,0.8390325271059216,110.5334,80,gini,0.5,False,-1,False
296,0.8381984987489575,2.355,70,gini,log2,False,-1,True
297,0.8381984987489575,2.3605,70,gini,log2,False,-1,True
298,0.8381984987489575,2.3633,70,gini,log2,False,-1,False
299,0.8381984987489575,2.3824,70,gini,log2,False,-1,False
300,0.8381984987489575,65.5438,60,entropy,0.5,True,True,True
301,0.8381984987489575,66.3775,60,entropy,0.5,True,True,False
302,0.8381984987489575,66.3929,60,entropy,0.5,True,False,True
303,0.8381984987489575,66.4511,60,entropy,0.5,True,False,False
304,0.8365304420350292,1.6751,80,gini,log2,True,False,True
305,0.8365304420350292,1.7214,80,gini,log2,True,False,False
306,0.8365304420350292,2.0165,80,gini,log2,True,True,True
307,0.8365304420350292,2.021,80,gini,log2,True,True,False
308,0.8365304420350292,54.9348,50,entropy,0.5,True,True,False
309,0.8365304420350292,55.1297,50,entropy,0.5,True,False,True
310,0.8365304420350292,55.4996,50,entropy,0.5,True,False,False
311,0.8365304420350292,55.6218,50,entropy,0.5,True,True,True
312,0.8365304420350292,89.8397,70,gini,0.5,False,-1,True
313,0.8365304420350292,89.9231,70,gini,0.5,False,-1,False
314,0.8365304420350292,90.6448,70,gini,0.5,False,-1,True
315,0.8365304420350292,90.7712,70,gini,0.5,False,-1,False
316,0.8365304420350292,118.0496,80,gini,,True,False,True
317,0.8365304420350292,118.4709,80,gini,,True,True,False
318,0.8365304420350292,118.5278,80,gini,,True,False,False
319,0.8365304420350292,121.5276,80,gini,,True,True,True
320,0.835696413678065,1.3653,60,gini,log2,True,False,True
321,0.835696413678065,1.3683,60,gini,log2,True,False,False
322,0.835696413678065,1.5479,60,gini,log2,True,True,False
323,0.835696413678065,1.5927,60,gini,log2,True,True,True
324,0.8348623853211009,1.1439,50,gini,log2,True,False,False
325,0.8348623853211009,1.1546,50,gini,log2,True,False,True
326,0.8348623853211009,1.3075,50,gini,log2,True,True,False
327,0.8348623853211009,1.3092,50,gini,log2,True,True,True
328,0.8348623853211009,77.4095,60,gini,0.5,False,-1,True
329,0.8348623853211009,77.7167,60,gini,0.5,False,-1,False
330,0.8348623853211009,78.6077,60,gini,0.5,False,-1,False
331,0.8348623853211009,78.8003,60,gini,0.5,False,-1,True
332,0.8340283569641368,65.3132,50,gini,0.5,False,-1,True
333,0.8340283569641368,65.7204,50,gini,0.5,False,-1,False
334,0.8340283569641368,66.1295,50,gini,0.5,False,-1,False
335,0.8340283569641368,68.0152,50,gini,0.5,False,-1,True
336,0.8331943286071727,1.5508,70,gini,log2,True,False,True
337,0.8331943286071727,1.5664,70,gini,log2,True,False,False
338,0.8331943286071727,1.8182,70,gini,log2,True,True,False
339,0.8331943286071727,1.8191,70,gini,log2,True,True,True
340,0.8331943286071727,77.7533,50,gini,,True,False,False
341,0.8331943286071727,78.5655,50,gini,,True,False,True
342,0.8331943286071727,79.3601,50,gini,,True,True,False
343,0.8331943286071727,79.8732,50,gini,,True,True,True
344,0.8331943286071727,109.0341,70,gini,,True,False,True
345,0.8331943286071727,109.102,70,gini,,True,False,False
346,0.8331943286071727,109.2697,70,gini,,True,True,False
347,0.8331943286071727,110.3876,70,gini,,True,True,True
348,0.8331943286071727,111.0728,90,gini,0.5,False,-1,True
349,0.8331943286071727,114.6772,90,gini,0.5,False,-1,False
350,0.8331943286071727,116.4102,90,gini,0.5,False,-1,False
351,0.8331943286071727,120.4576,90,gini,0.5,False,-1,True
404,0.8331943286071727,129.9867,100,gini,0.5,False,-1,True
405,0.8331943286071727,130.6717,100,gini,0.5,False,-1,False
407,0.8331943286071727,136.0804,100,gini,0.5,False,-1,False
406,0.8331943286071727,138.2212,100,gini,0.5,False,-1,True
352,0.8315262718932444,93.4953,60,gini,,True,False,False
353,0.8315262718932444,94.3941,60,gini,,True,True,True
354,0.8315262718932444,94.5629,60,gini,,True,False,True
355,0.8315262718932444,96.7367,60,gini,,True,True,False
435,0.8315262718932444,155.2486,100,gini,,True,False,False
434,0.8315262718932444,156.9845,100,gini,,True,False,True
433,0.8315262718932444,158.9962,100,gini,,True,True,False
432,0.8315262718932444,160.2352,100,gini,,True,True,True
356,0.8306922435362802,137.5313,90,gini,,True,False,False
357,0.8306922435362802,138.894,90,gini,,True,True,True
358,0.8306922435362802,139.4104,90,gini,,True,False,True
359,0.8306922435362802,139.9735,90,gini,,True,True,False
438,0.7364470391993327,261.1863,100,gini,,False,-1,True
439,0.7364470391993327,269.5798,100,gini,,False,-1,False
436,0.7364470391993327,274.5003,100,gini,,False,-1,True
437,0.7364470391993327,289.9147,100,gini,,False,-1,False
360,0.7347789824854045,224.218,90,gini,,False,-1,False
361,0.7347789824854045,225.7446,90,gini,,False,-1,True
362,0.7347789824854045,226.3629,90,gini,,False,-1,False
363,0.7347789824854045,228.1364,90,gini,,False,-1,True
364,0.7339449541284404,181.3318,70,gini,,False,-1,False
365,0.7339449541284404,181.4704,70,gini,,False,-1,False
366,0.7339449541284404,181.8426,70,gini,,False,-1,True
367,0.7339449541284404,182.1511,70,gini,,False,-1,True
476,0.7339449541284404,333.8605,100,entropy,,False,-1,True
477,0.7339449541284404,337.8116,100,entropy,,False,-1,False
478,0.7339449541284404,338.9461,100,entropy,,False,-1,True
479,0.7339449541284404,347.5379,100,entropy,,False,-1,False
368,0.7331109257714762,201.1749,80,gini,,False,-1,True
369,0.7331109257714762,207.2831,80,gini,,False,-1,False
370,0.7331109257714762,209.9858,80,gini,,False,-1,True
371,0.7331109257714762,217.6696,80,gini,,False,-1,False
372,0.7331109257714762,262.9172,80,entropy,,False,-1,False
373,0.7331109257714762,264.4674,80,entropy,,False,-1,True
374,0.7331109257714762,268.1234,80,entropy,,False,-1,False
375,0.7331109257714762,268.547,80,entropy,,False,-1,True
376,0.731442869057548,130.7294,50,gini,,False,-1,True
377,0.731442869057548,131.5692,50,gini,,False,-1,False
378,0.731442869057548,132.0061,50,gini,,False,-1,False
379,0.731442869057548,132.3941,50,gini,,False,-1,True
380,0.731442869057548,289.1471,90,entropy,,False,-1,False
381,0.731442869057548,292.8601,90,entropy,,False,-1,True
382,0.731442869057548,295.6597,90,entropy,,False,-1,True
383,0.731442869057548,311.6845,90,entropy,,False,-1,False
384,0.7306088407005839,156.3129,60,gini,,False,-1,False
385,0.7306088407005839,157.0019,60,gini,,False,-1,True
386,0.7306088407005839,157.0479,60,gini,,False,-1,True
387,0.7306088407005839,157.3842,60,gini,,False,-1,False
388,0.7306088407005839,167.1838,50,entropy,,False,-1,True
389,0.7306088407005839,168.1197,50,entropy,,False,-1,False
390,0.7306088407005839,168.791,50,entropy,,False,-1,True
391,0.7306088407005839,168.9509,50,entropy,,False,-1,False
392,0.7306088407005839,199.7177,60,entropy,,False,-1,False
393,0.7306088407005839,200.7033,60,entropy,,False,-1,True
394,0.7306088407005839,201.2513,60,entropy,,False,-1,True
395,0.7306088407005839,201.5546,60,entropy,,False,-1,False
396,0.7306088407005839,233.3697,70,entropy,,False,-1,False
397,0.7306088407005839,233.4772,70,entropy,,False,-1,True
398,0.7306088407005839,233.828,70,entropy,,False,-1,True
399,0.7306088407005839,15392.9829,70,entropy,,False,-1,False
